{
  "Total" : {
    "transaction" : "Total",
    "sampleCount" : 1080,
    "errorCount" : 3,
    "errorPct" : 0.2777778,
    "meanResTime" : 34014.1175925926,
    "medianResTime" : 32153.5,
    "minResTime" : 63.0,
    "maxResTime" : 73137.0,
    "pct1ResTime" : 70948.1,
    "pct2ResTime" : 71343.4,
    "pct3ResTime" : 72775.33,
    "throughput" : 13.534682624224576,
    "receivedKBytesPerSec" : 6472.14363270725,
    "sentKBytesPerSec" : 1.8768798170311423
  },
  "HTTP Request" : {
    "transaction" : "HTTP Request",
    "sampleCount" : 1080,
    "errorCount" : 3,
    "errorPct" : 0.2777778,
    "meanResTime" : 34014.1175925926,
    "medianResTime" : 32153.5,
    "minResTime" : 63.0,
    "maxResTime" : 73137.0,
    "pct1ResTime" : 70948.1,
    "pct2ResTime" : 71343.4,
    "pct3ResTime" : 72775.33,
    "throughput" : 13.534682624224576,
    "receivedKBytesPerSec" : 6472.14363270725,
    "sentKBytesPerSec" : 1.8768798170311423
  }
}